ID,First_Name,Last_Name,Email,Phone_Number,Date_of_Birth,City,Country,Account_Created,Last_Login
1,Ivan,Gonzalez,mark44@petersen.com,171.186.8877x262,1946-01-19,North Justin,Netherlands,2022-12-11,2023-05-20
2,Stephanie,Neal,sarah18@gmail.com,(557)898-4710x58487,1942-11-05,Michaelmouth,Belarus,2023-02-23,2023-03-01
3,Frances,Curtis,phunter@munoz-russo.com,001-332-565-6226x43946,1936-09-28,South Ashleybury,Faroe Islands,2022-11-30,2023-05-27
4,Michael,Hines,michelleflores@terry.com,267.388.0927x71955,1973-06-04,Stevenstad,Lithuania,2022-07-30,2023-03-21
5,Dalton,Clark,dale80@walker-jacobs.com,969.410.3426x9344,1949-03-13,Scotthaven,Guyana,2021-09-10,2023-10-19
6,Scott,Grant,kingangela@hotmail.com,(207)745-4447x4159,1976-12-25,Christinaside,Isle of Man,2020-07-19,2023-02-26
7,Terri,Brown,andrewmanning@gmail.com,001-990-265-7222,1941-01-29,Mosschester,Switzerland,2021-04-03,2023-01-09
8,Jose,Barker,rubenrichards@russell-perry.net,001-969-094-0059x99349,1961-11-12,Amberview,Belarus,2020-07-29,2023-06-19
9,Michael,Huffman,ugray@garcia.com,(491)352-3470x213,1960-04-08,North Carol,Paraguay,2021-07-06,2023-06-13
10,Michael,Morgan,coxrebecca@tate.net,780.646.9730x0781,1996-09-17,New Kellybury,Costa Rica,2020-09-30,2023-06-21
11,Kelsey,Walker,joel17@flynn.info,001-683-737-4670x124,1981-03-03,North Randyview,Guam,2023-01-10,2023-08-27
12,Amy,Kane,diane48@jacobs.com,5868626579,1974-12-26,Gregorystad,Iraq,2022-03-24,2023-02-26
13,Pamela,Rangel,rachel64@harrison.com,+1-280-279-7769,1935-10-31,Hutchinsonchester,French Southern Territories,2023-03-18,2023-05-28
14,Michael,Smith,ccharles@hotmail.com,+1-169-654-6333,1943-05-07,Griffinfort,Denmark,2023-07-31,2023-01-11
15,Elizabeth,Bass,jason57@hotmail.com,+1-810-997-1990,1947-10-10,Taylorside,Thailand,2023-07-24,2023-03-11
16,Angela,Newton,michaelharris@escobar.com,914.187.1042,1967-03-09,Patrickton,Aruba,2020-11-18,2023-07-30
17,Lindsey,Mooney,vwagner@gmail.com,865.485.7208x37389,1938-11-19,West Robert,Haiti,2021-06-15,2023-10-21
18,Sharon,Terry,elizabeth92@yahoo.com,9711199047,1940-06-30,Lake Kelsey,Singapore,2023-05-12,2023-08-14
19,Christopher,Knapp,justin23@smith.com,001-701-564-7608,2000-11-15,Kellyfort,Saint Martin,2022-03-11,2023-03-17
20,Sheri,Ray,bzhang@collier.biz,8528495900,1995-04-27,Lake Adam,Egypt,2021-10-09,2023-05-03
21,Christopher,Huynh,bairdlaura@pena.com,(508)416-0158,1988-07-01,Lake Kevin,Bahamas,2020-12-05,2023-04-09
22,Justin,Horne,lisa53@yahoo.com,640-608-9974x71952,1937-04-10,Lake Kevin,Syrian Arab Republic,2021-07-09,2023-09-10
23,Brendan,Schaefer,kevinbrown@phillips-pierce.net,001-450-208-8597,1966-06-29,Johnsonborough,Congo,2021-01-22,2023-03-02
24,John,Kelly,deleongabriel@reese.net,001-712-862-5012,1960-08-31,Cervantestown,Pitcairn Islands,2021-10-10,2023-01-06
25,Jessica,Weaver,victor33@reed-campbell.com,552.726.5717x508,1937-08-11,East Kirkshire,Peru,2021-12-29,2023-06-15
26,John,Moon,kelsey86@gmail.com,001-660-638-4391x085,1935-07-28,Aguilarmouth,Costa Rica,2020-06-18,2023-07-12
27,Christopher,Olson,garzasteven@woods.net,(159)260-8047x171,1956-09-08,Port Michaelside,Iran,2023-09-06,2023-08-31
28,Jeffery,Anderson,cindy19@yahoo.com,+1-000-773-5631x2319,2004-06-14,Davidland,Norfolk Island,2023-05-30,2023-06-03
29,Theresa,Harris,codylopez@hotmail.com,(047)062-5131,1945-07-30,Lewisfort,Svalbard & Jan Mayen Islands,2022-02-19,2023-03-31
30,Erika,Smith,mcintoshcynthia@hotmail.com,(884)010-6020,1986-02-12,Leonardhaven,Netherlands Antilles,2021-02-15,2023-07-24
31,Mary,Harvey,danielleclark@hotmail.com,001-489-212-7415x57560,1948-04-08,New Angela,United Arab Emirates,2020-11-04,2023-02-01
32,Russell,Fitzgerald,ihenderson@yahoo.com,528.413.5981x700,1944-08-06,Port Lisastad,Niue,2023-10-14,2023-04-01
33,Amanda,Salas,donaldfry@yahoo.com,5400342221,1945-03-06,Port Tanyahaven,Cayman Islands,2020-03-28,2023-09-13
34,Michelle,Love,bobby17@ray.com,144.755.5874x448,1965-05-15,South Juliahaven,Central African Republic,2021-02-13,2023-10-17
35,Diane,Hunter,ronald99@gonzalez-johnson.com,924-061-5071x286,1976-12-26,West Kristy,Saint Martin,2020-10-28,2023-08-26
36,Pamela,Horton,vwilliams@anderson.com,+1-203-751-6627x847,1994-08-22,East Melanie,Gabon,2021-06-23,2023-08-30
37,Michael,Blake,bryanrice@yahoo.com,+1-676-127-2845x9635,1989-09-09,Herreratown,Eritrea,2022-07-01,2023-06-21
38,Anthony,Kramer,russelljill@sandoval.biz,(376)819-0504x81874,1938-02-24,Lake Bryanview,Canada,2023-04-18,2023-04-19
39,Kyle,Morgan,david06@shaw-zhang.com,(480)827-1059x17126,1989-11-02,Port Dawnborough,Saint Martin,2022-01-05,2023-08-08
40,Sue,Jones,daisy54@hall-clark.com,(460)797-2237x26125,1947-10-16,Port Jessica,Tunisia,2020-10-27,2023-09-02
41,Richard,Lopez,urosales@pitts-aguilar.com,(584)929-6702x4449,1938-04-13,East Reginald,Lebanon,2021-02-25,2023-03-13
42,John,Arellano,annparker@cabrera.net,475.846.6952x55465,1996-10-29,North William,Poland,2020-02-08,2023-01-04
43,Stephen,Lucero,nancy46@adams-james.com,535-083-0646,1985-09-25,North John,Panama,2022-11-13,2023-02-24
44,Jessica,Pittman,teresaconner@harris-hess.info,179-583-1123,1998-05-05,East Sarahview,Western Sahara,2023-04-27,2023-10-30
45,Jason,Tate,alexander83@hotmail.com,(521)643-0460x07223,2000-12-05,Lake Heatherburgh,Tuvalu,2020-12-27,2023-01-31
46,Lori,Howard,michael18@jackson.info,004.162.6449,2003-09-03,East Mary,Palau,2020-01-03,2023-09-17
47,James,Martinez,nreyes@thornton.com,(934)318-4432x1383,2001-06-06,Brendamouth,Samoa,2020-04-01,2023-10-18
48,Nicholas,Robinson,stevenschwartz@hotmail.com,(260)899-1574x940,1994-03-31,Port Nathanstad,Sierra Leone,2022-07-26,2023-03-15
49,Amy,Archer,vmarshall@watts-pena.com,001-513-459-8333,1955-11-04,Kimberlyburgh,French Southern Territories,2020-10-23,2023-01-13
50,Megan,Li,stephen39@gmail.com,810.408.0520x623,1948-05-19,Campbellfort,Bolivia,2020-08-13,2023-05-17
51,Brandon,Galvan,daniellealvarado@pittman.com,(528)610-6793x05517,1962-04-24,Kimberlyshire,Luxembourg,2023-04-19,2023-08-28
52,Amber,Morgan,alecvillegas@williams.com,814-415-5478,1941-02-21,Daveville,Kazakhstan,2020-04-27,2023-09-29
53,Lori,Pearson,garrettrichard@bishop-martin.com,+1-231-673-1847x729,1934-12-11,West Katrina,Ukraine,2023-04-26,2023-07-17
54,Eric,Friedman,dana60@gmail.com,001-719-867-4579,1946-07-26,Kellymouth,France,2022-06-21,2023-01-03
55,Michael,Martin,shelley40@hernandez.biz,8024744209,1936-11-16,West Jenniferbury,Cayman Islands,2022-05-21,2023-06-09
56,Mary,Cameron,jasonbennett@hotmail.com,822.015.9235,1988-07-20,Donaldburgh,Belize,2020-05-19,2023-07-29
57,Patricia,Mills,towens@rodriguez-andrade.com,+1-072-145-2235x056,1997-09-09,South Adamville,Mexico,2020-01-09,2023-07-31
58,Colleen,Burton,villadavid@jimenez-chambers.com,+1-082-198-7467,1940-05-02,Lake Thomashaven,Kiribati,2022-06-26,2023-07-03
59,Eric,Anderson,nicholaswhite@gmail.com,(937)200-2457,1977-08-04,Lindsayside,Canada,2022-04-25,2023-07-23
60,Nathan,Stewart,brandon98@yahoo.com,(404)939-5003x567,1939-03-19,New Angela,Kiribati,2022-03-05,2023-09-30
61,Joanne,Moss,stevenbell@hanson.org,+1-248-492-3542x10288,1939-07-12,Parkerview,Zimbabwe,2023-05-12,2023-01-30
62,Donna,Lewis,michael26@gmail.com,6594781234,1978-01-10,Port Gerald,Seychelles,2020-08-18,2023-10-15
63,Rachel,Hart,hamiltondavid@yahoo.com,810-121-4351x29741,1993-06-19,West Ryan,Nicaragua,2021-09-29,2023-02-24
64,Laura,Kim,ftaylor@smith-jones.info,(399)391-8978,1968-06-30,South Timothyville,Pakistan,2022-03-09,2023-02-06
65,Patrick,Howell,joel32@knox-landry.com,6191737431,1961-07-01,East Shannon,Slovakia (Slovak Republic),2020-06-25,2023-07-30
66,Brenda,Brandt,tyler93@yahoo.com,373.873.9320x0293,1958-02-14,North Danielhaven,Svalbard & Jan Mayen Islands,2021-08-25,2023-02-04
67,Terri,Edwards,lindsayjones@moore-tucker.com,(562)519-1409,1946-01-03,Port Amy,Iceland,2023-07-22,2023-03-10
68,Tammy,Cantrell,rowetyrone@yahoo.com,+1-930-659-1760x28528,1933-09-18,Thompsonland,Canada,2021-08-25,2023-06-17
69,Michelle,Flowers,arobertson@yahoo.com,(850)183-4716,1947-08-14,Curtisport,Andorra,2022-05-03,2023-02-12
70,Elizabeth,Jacobs,tamara95@noble-harrington.org,951-797-6119x16578,2002-02-28,South Carla,Canada,2020-02-06,2023-01-02
71,Scott,King,emartin@mcfarland.com,703.775.7616x4183,1937-01-16,Ashleymouth,Kuwait,2022-04-24,2023-10-04
72,Kara,Scott,watkinschristopher@hotmail.com,418-648-6700,1987-06-06,Port Coreyshire,Congo,2023-03-20,2023-06-16
73,Tyler,Castillo,vhawkins@hotmail.com,339-197-5313x945,1998-08-15,Fitzpatrickchester,Mayotte,2022-10-10,2023-07-24
74,Jeremy,Saunders,jacobhall@hotmail.com,001-300-541-2512x15971,1992-08-08,Ingramport,Mongolia,2022-12-19,2023-08-13
75,Scott,Guerrero,walkermichael@miller.info,+1-186-698-9144x836,1972-04-14,Michaelland,Guernsey,2020-04-06,2023-07-05
76,Cassandra,Mendoza,ghoward@hotmail.com,715.750.6360x236,1951-09-17,Amandamouth,United Kingdom,2021-02-13,2023-06-14
77,George,Price,angela25@young.com,+1-244-853-2263,1993-12-24,East Erica,Equatorial Guinea,2023-08-01,2023-09-13
78,Martin,Graham,owilliams@tucker-wright.com,9991133221,1945-08-04,Port Stephanie,Grenada,2022-03-15,2023-03-28
79,Justin,Miller,sullivanhannah@yahoo.com,689-640-2742x736,1956-01-19,North Markland,Korea,2021-06-04,2023-04-26
80,Susan,Fisher,ehull@clark-bailey.org,307-031-2648,1974-10-25,Lauraton,Mauritania,2023-06-14,2023-08-10
81,Laura,Mitchell,jamieballard@murphy.com,216-082-0960x3283,1971-08-22,Lisaville,Ethiopia,2022-08-02,2023-02-16
82,Thomas,Lewis,sparksmichael@brock.com,(609)697-4452x6652,1958-11-16,Sandersland,Bhutan,2020-06-27,2023-05-28
83,Emily,Grant,udaniel@yahoo.com,562-031-4048,1945-04-30,Lake Jean,Northern Mariana Islands,2023-03-21,2023-07-04
84,Travis,Carter,nielsenjuan@tate.com,5248068166,1992-12-31,North Joseborough,Bolivia,2023-04-16,2023-07-10
85,Bryan,Burton,amy91@yahoo.com,855.794.5984x08340,1935-02-23,Murrayfort,Sierra Leone,2020-12-12,2023-08-22
86,Amanda,Vaughan,mary93@schneider.com,+1-836-505-7015x2977,2001-04-17,Lake Traceyton,Iceland,2021-07-04,2023-07-15
87,Ashley,Reid,mjones@jones-zimmerman.com,201-395-9106x02847,2004-09-24,Thorntonmouth,Malawi,2021-05-19,2023-02-22
88,Haley,Brown,psanchez@aguirre-giles.com,001-490-829-5112x74529,1947-07-11,Jordanfort,Argentina,2023-09-23,2023-10-10
89,Christopher,Brown,jacobmorrow@hotmail.com,(441)486-5362,1980-12-20,Martinezmouth,Cook Islands,2023-06-21,2023-02-10
90,Steven,Williams,zcontreras@vaughan.com,+1-527-071-0876x074,1934-07-05,Bondstad,Saint Kitts and Nevis,2020-05-29,2023-06-01
91,Matthew,Walker,fharris@mercado-erickson.com,(039)920-5163,1962-06-07,Ramirezborough,Liechtenstein,2020-01-05,2023-09-20
92,Stacey,Ballard,eayala@rodriguez.com,402-434-8211x948,1947-07-07,Robertberg,Ecuador,2021-10-14,2023-02-26
93,Nathan,Bray,cisneroslance@gmail.com,+1-317-062-3983x9893,1945-04-21,Port Shannonfurt,India,2020-11-04,2023-05-07
94,Kelly,Hubbard,steven80@hotmail.com,001-184-653-8919,1992-06-20,Andersonburgh,Iceland,2021-02-18,2023-01-29
95,Jeffrey,King,rgomez@padilla-fields.org,7580634299,1951-05-10,North Julie,Nepal,2023-06-06,2023-06-06
96,Richard,Alvarado,qgalvan@gmail.com,3731610782,1960-05-09,Tonyaton,Saint Helena,2021-04-15,2023-02-28
97,David,Miller,thomas89@gmail.com,001-143-266-2536x733,1962-11-16,Rickyshire,Libyan Arab Jamahiriya,2021-07-16,2023-08-19
98,Nicholas,Evans,dawnnelson@richardson-smith.com,(954)462-0045x810,1949-06-01,Christineville,Cayman Islands,2022-04-26,2023-09-17
99,Jeffery,Collier,brianhamilton@campbell.info,(154)143-3401,1990-07-18,Port Kimberly,Cook Islands,2022-01-17,2023-08-08
100,Arthur,Haas,greendawn@yahoo.com,074-962-1845x4603,1988-01-31,Schmidtstad,Sweden,2023-08-22,2023-08-23
